<?xml version="1.0" encoding="UTF-8"?>

<mule xmlns:file="http://www.mulesoft.org/schema/mule/file" xmlns:json="http://www.mulesoft.org/schema/mule/json" xmlns:http="http://www.mulesoft.org/schema/mule/http" xmlns:data-mapper="http://www.mulesoft.org/schema/mule/ee/data-mapper" xmlns:batch="http://www.mulesoft.org/schema/mule/batch" xmlns:sfdc="http://www.mulesoft.org/schema/mule/sfdc" xmlns="http://www.mulesoft.org/schema/mule/core" xmlns:doc="http://www.mulesoft.org/schema/mule/documentation"
	xmlns:spring="http://www.springframework.org/schema/beans" version="EE-3.7.0"
	xmlns:xsi="http://www.w3.org/2001/XMLSchema-instance"
	xsi:schemaLocation="http://www.springframework.org/schema/beans http://www.springframework.org/schema/beans/spring-beans-current.xsd
http://www.mulesoft.org/schema/mule/core http://www.mulesoft.org/schema/mule/core/current/mule.xsd
http://www.mulesoft.org/schema/mule/sfdc http://www.mulesoft.org/schema/mule/sfdc/current/mule-sfdc.xsd
http://www.mulesoft.org/schema/mule/file http://www.mulesoft.org/schema/mule/file/current/mule-file.xsd
http://www.mulesoft.org/schema/mule/batch http://www.mulesoft.org/schema/mule/batch/current/mule-batch.xsd
http://www.mulesoft.org/schema/mule/ee/data-mapper http://www.mulesoft.org/schema/mule/ee/data-mapper/current/mule-data-mapper.xsd
http://www.mulesoft.org/schema/mule/json http://www.mulesoft.org/schema/mule/json/current/mule-json.xsd
http://www.mulesoft.org/schema/mule/http http://www.mulesoft.org/schema/mule/http/current/mule-http.xsd">
    <sfdc:config name="Salesforce__Basic_authentication" username="arunima.sh@hcl.com" password="Fosters60#" securityToken="paApOB6LzlROSTwyZIShvc6l" proxyHost="10.97.32.18" proxyPort="8080" doc:name="Salesforce: Basic authentication"/>
    <data-mapper:config name="JSON_To_List_Lead_" transformationGraphPath="json_to_list_lead_.grf" doc:name="JSON_To_List_Lead_"/>
    <http:request-config name="HTTP_Request_Configuration" host="localhost" port="8081" doc:name="HTTP Request Configuration"/>
    <batch:job name="fileprocessingBatch" max-failed-records="1111">
        <batch:input>
            <file:inbound-endpoint path="C:\Users\arunima.sh\Desktop\NewBatch" responseTimeout="10000" doc:name="File"/>
            <json:validate-schema schemaLocation="resource:/schema.JSON" doc:name="Validate JSON Schema"/>
            <data-mapper:transform config-ref="JSON_To_List_Lead_" doc:name="JSON To List&lt;Lead&gt;"/>
        </batch:input>
        <batch:process-records>
            <batch:step name="Batch_Step">
                <batch:commit size="5" doc:name="Batch Commit">
                    <sfdc:create config-ref="Salesforce__Basic_authentication" type="Lead" doc:name="Salesforce">
                        <sfdc:objects ref="#[payload]"/>
                    </sfdc:create>
                </batch:commit>
            </batch:step>
        </batch:process-records>
        <batch:on-complete>
            <logger message="#[payload]" level="INFO" doc:name="Logger"/>
        </batch:on-complete>
    </batch:job>
    <catch-exception-strategy name="defaultException">
        <set-payload value="#['Request Payload'  #[payload] + 'Json Exception payload'  #[exception]]" doc:name="Set Payload"/>
    </catch-exception-strategy>
    <catch-exception-strategy when="#[exception.causedBy(org.mule.api.MessagingException)]" name="InvalidJSON">
        <set-payload value="#['Request Payload'  #[payload] + 'Json Exception payload'  #[exception]]" doc:name="Set Payload"/>
    </catch-exception-strategy>
</mule>
